unit,title,file
0,Introduction,introduction.html
1,Defining rules,defining-rules.html
2,Defining selectors,defining-selectors.html
3,Defining styles,defining-styles.html
4,Custom properties,custom-properties.html
5,Assigning names,assigning-names.html
6,Activation strategies,activation-strategies.html
7,Style property types,style-property-types.html
8,Theming,theming.html
9,Styled components,styled-components.html
10,Activation scheduling,activation-scheduling.html
11,Server side rendering,server-side-rendering.html
12,Constructable Stylesheets,constructable-stylesheets.html
